<?xml version="1.0" encoding="UTF-8"?>
<GenRun Id="synth_1" LaunchPart="xc7a100tcsg324-1" LaunchTime="1714613584" LaunchIncrCheckpoint="$PPRDIR/../../proj/hw.srcs/utils_1/imports/synth_1/Nexys4DdrUserDemo.dcp">
  <File Type="PA-TCL" Name="Nexys4DdrUserDemo.tcl"/>
  <File Type="RDS-PROPCONSTRS" Name="Nexys4DdrUserDemo_drc_synth.rpt"/>
  <File Type="REPORTS-TCL" Name="Nexys4DdrUserDemo_reports.tcl"/>
  <File Type="RDS-RDS" Name="Nexys4DdrUserDemo.vds"/>
  <File Type="RDS-UTIL" Name="Nexys4DdrUserDemo_utilization_synth.rpt"/>
  <File Type="RDS-UTIL-PB" Name="Nexys4DdrUserDemo_utilization_synth.pb"/>
  <File Type="RDS-DCP" Name="Nexys4DdrUserDemo.dcp"/>
  <File Type="VDS-TIMINGSUMMARY" Name="Nexys4DdrUserDemo_timing_summary_synth.rpt"/>
  <File Type="VDS-TIMING-PB" Name="Nexys4DdrUserDemo_timing_summary_synth.pb"/>
  <FileSet Name="sources" Type="DesignSrcs" RelSrcDir="$PSRCDIR/sources_1" RelGenDir="$PGENDIR/sources_1">
    <Filter Type="Srcs"/>
    <File Path="$PSRCDIR/sources_1/ip/ddr/ddr.xci">
      <FileInfo>
        <Attr Name="ImportPath" Val="$PPRDIR/../../src/ip/ddr/ddr.xci"/>
        <Attr Name="ImportTime" Val="1691411480"/>
        <Attr Name="UsedIn" Val="synthesis"/>
        <Attr Name="UsedIn" Val="implementation"/>
        <Attr Name="UsedIn" Val="simulation"/>
      </FileInfo>
    </File>
    <File Path="$PSRCDIR/sources_1/imports/src/hdl/AudioDemo.vhd">
      <FileInfo>
        <Attr Name="ImportPath" Val="$PPRDIR/../../src/hdl/AudioDemo.vhd"/>
        <Attr Name="ImportTime" Val="1691410005"/>
        <Attr Name="UsedIn" Val="synthesis"/>
        <Attr Name="UsedIn" Val="simulation"/>
      </FileInfo>
    </File>
    <File Path="$PSRCDIR/sources_1/imports/src/hdl/Dbncr.vhd">
      <FileInfo>
        <Attr Name="ImportPath" Val="$PPRDIR/../../src/hdl/Dbncr.vhd"/>
        <Attr Name="ImportTime" Val="1691410005"/>
        <Attr Name="UsedIn" Val="synthesis"/>
        <Attr Name="UsedIn" Val="simulation"/>
      </FileInfo>
    </File>
    <File Path="$PSRCDIR/sources_1/imports/src/hdl/LedBar.vhd">
      <FileInfo>
        <Attr Name="ImportPath" Val="$PPRDIR/../../src/hdl/LedBar.vhd"/>
        <Attr Name="ImportTime" Val="1691410005"/>
        <Attr Name="UsedIn" Val="synthesis"/>
        <Attr Name="UsedIn" Val="simulation"/>
      </FileInfo>
    </File>
    <File Path="$PSRCDIR/sources_1/imports/src/hdl/PdmDes.vhd">
      <FileInfo>
        <Attr Name="ImportPath" Val="$PPRDIR/../../src/hdl/PdmDes.vhd"/>
        <Attr Name="ImportTime" Val="1691410005"/>
        <Attr Name="UsedIn" Val="synthesis"/>
        <Attr Name="UsedIn" Val="simulation"/>
      </FileInfo>
    </File>
    <File Path="$PSRCDIR/sources_1/imports/src/hdl/PdmSer.vhd">
      <FileInfo>
        <Attr Name="ImportPath" Val="$PPRDIR/../../src/hdl/PdmSer.vhd"/>
        <Attr Name="ImportTime" Val="1691410005"/>
        <Attr Name="UsedIn" Val="synthesis"/>
        <Attr Name="UsedIn" Val="simulation"/>
      </FileInfo>
    </File>
    <File Path="$PSRCDIR/sources_1/imports/src/hdl/Ram2Ddr.vhd">
      <FileInfo>
        <Attr Name="ImportPath" Val="$PPRDIR/../../src/hdl/Ram2Ddr.vhd"/>
        <Attr Name="ImportTime" Val="1691410005"/>
        <Attr Name="UsedIn" Val="synthesis"/>
        <Attr Name="UsedIn" Val="simulation"/>
      </FileInfo>
    </File>
    <File Path="$PSRCDIR/sources_1/imports/src/hdl/RamCntrl.vhd">
      <FileInfo>
        <Attr Name="ImportPath" Val="$PPRDIR/../../src/hdl/RamCntrl.vhd"/>
        <Attr Name="ImportTime" Val="1691410005"/>
        <Attr Name="UsedIn" Val="synthesis"/>
        <Attr Name="UsedIn" Val="simulation"/>
      </FileInfo>
    </File>
    <File Path="$PSRCDIR/sources_1/new/sevenSegBehav.vhd">
      <FileInfo>
        <Attr Name="UsedIn" Val="synthesis"/>
        <Attr Name="UsedIn" Val="simulation"/>
      </FileInfo>
    </File>
    <File Path="$PSRCDIR/sources_1/imports/src/hdl/top.vhd">
      <FileInfo>
        <Attr Name="ImportPath" Val="$PPRDIR/../../src/hdl/top.vhd"/>
        <Attr Name="ImportTime" Val="1691410005"/>
        <Attr Name="UsedIn" Val="synthesis"/>
        <Attr Name="UsedIn" Val="simulation"/>
      </FileInfo>
    </File>
    <File Path="$PSRCDIR/sources_1/imports/src/other/Nexys4_all.coe">
      <FileInfo>
        <Attr Name="ImportPath" Val="$PPRDIR/../../src/other/Nexys4_all.coe"/>
        <Attr Name="ImportTime" Val="1691410005"/>
        <Attr Name="UsedIn" Val="synthesis"/>
        <Attr Name="UsedIn" Val="simulation"/>
      </FileInfo>
    </File>
    <File Path="$PSRCDIR/sources_1/imports/src/other/mig_a.prj">
      <FileInfo>
        <Attr Name="ImportPath" Val="$PPRDIR/../../src/other/mig_a.prj"/>
        <Attr Name="ImportTime" Val="1691410005"/>
        <Attr Name="UsedIn" Val="synthesis"/>
        <Attr Name="ScopedToCell" Val="ddr"/>
      </FileInfo>
    </File>
    <File Path="$PPRDIR/archive_project_summary.txt"/>
    <File Path="$PSRCDIR/sources_1/other/mig_a.prj">
      <FileInfo>
        <Attr Name="UsedIn" Val="synthesis"/>
        <Attr Name="ScopedToCell" Val="ddr"/>
      </FileInfo>
    </File>
    <Config>
      <Option Name="DesignMode" Val="RTL"/>
      <Option Name="TopModule" Val="Nexys4DdrUserDemo"/>
      <Option Name="TopAutoSet" Val="TRUE"/>
    </Config>
  </FileSet>
  <FileSet Name="constrs_in" Type="Constrs" RelSrcDir="$PSRCDIR/constrs_1" RelGenDir="$PGENDIR/constrs_1">
    <Filter Type="Constrs"/>
    <File Path="$PSRCDIR/constrs_1/imports/constraints/Nexys-A7-100T-Master.xdc">
      <FileInfo>
        <Attr Name="ImportPath" Val="$PPRDIR/../../src/constraints/Nexys-A7-100T-Master.xdc"/>
        <Attr Name="ImportTime" Val="1691410005"/>
        <Attr Name="UsedIn" Val="synthesis"/>
        <Attr Name="UsedIn" Val="implementation"/>
      </FileInfo>
    </File>
    <Config>
      <Option Name="ConstrsType" Val="XDC"/>
    </Config>
  </FileSet>
  <FileSet Name="utils" Type="Utils" RelSrcDir="$PSRCDIR/utils_1" RelGenDir="$PGENDIR/utils_1">
    <Filter Type="Utils"/>
    <File Path="$PPRDIR/../../proj/hw.srcs/utils_1/imports/synth_1/Nexys4DdrUserDemo.dcp">
      <FileInfo>
        <Attr Name="UsedIn" Val="synthesis"/>
        <Attr Name="UsedIn" Val="implementation"/>
        <Attr Name="UsedInSteps" Val="synth_1"/>
        <Attr Name="AutoDcp" Val="1"/>
      </FileInfo>
    </File>
    <Config>
      <Option Name="TopAutoSet" Val="TRUE"/>
    </Config>
  </FileSet>
  <Strategy Version="1" Minor="2">
    <StratHandle Name="Vivado Synthesis Defaults" Flow="Vivado Synthesis 2023"/>
    <Step Id="synth_design"/>
  </Strategy>
  <BlockFileSet Type="BlockSrcs" Name="ClkGen"/>
</GenRun>
